STT,"Ý định (Tên intent bắt buộc chỉ chứa các chữ cái thường, số và gạch chân)",DESCRIPTION,Mô tả
1,thietbi,Mở tài khoản trực tuyến cần thiết bị gì?,
2,thietbi,Thiết bị hỗ trợ mở tài khoản trực tuyến?,
3,thietbi,Trình duyệt hỗ trợ mở tải khoản trực tuyến?,
4,thietbi,Để mở tài khoản trực tuyến thì cần sử dụng trình duyệt nào?,
5,thietbi,Máy tôi dùng hệ điều hành Android có mở tài khoản trực tuyến được không?,
6,thietbi,Hệ điều hành nào hỗ trợ tôi mở tài khoản trực tuyến?,
7,thietbi,điện thoại window phone có đăng ký tài khoản trực tuyến được không,
8,thietbi,máy ios có đăng ký tài khoản trực tuyến được không,
9,thietbi,dùng trình duyệt để đăng ký tài khoản trực tuyến,
10,thietbi,Mở tài khoản trực tuyến trên trình duyệt,
11,thietbi,Cho tổi hỏi hệ điều hành nào hỗ trợ cài đặt app vậy,
12,thietbi,máy tôi không có cam thì có được không,
13,thietbi,máy tôi không có camera có mở được tài khoản trực tuyến không,
14,thietbi,định danh điện tử nên dùng thiết bị nào,
2,giay_to,giấy tờ tùy thân,
3,giay_to,giấy tờ tùy thân khỉ mở tài khoản trực tuyến là gì,
4,giay_to,cho tôi hỏi các loại giấy tờ cần thiết khi đăng ký trực tuyến,
5,giay_to,Để mở tài khoản trực tuyến cần sử dụng giấy tờ tuỳ thân nào?,
6,giay_to,định danh điện tử nên dùng loại giấy tờ nào,
7,giay_to,cho tôi biết giấy tờ cần thiết khi thực hiện định danh điện tử,
8,giay_to,các loại giấy tờ có thể dùng khi định danh điện tử,
9,giay_to,tôi có thể dùng giấy tờ gì để làm định danh điện tử,
10,giay_to,dùng giấy tờ gì để thực hiện định danh điện tử nhỉ,
11,giay_to,Định danh điện tử cần chuẩn bị giấy tờ tuỳ thân nào?,
12,giay_to,các loại giấy tờ có thể sử dụng khi định danh điện tử là gì,
13,giay_to,chứng minh nhân dân có dùng để mở tài khoản trực tuyến được không,
14,giay_to,mở tài khoản bằng Giấy chứng minh nhân dân,
15,giay_to,đăng ký tài khoản bằng Giấy chứng minh nhân dân,
16,giay_to,căn cước công dân có dùng để mở tài khoản trực tuyến được không,
17,giay_to,đăng ký tài khoản trực tuyến bằng Căn cước công dân gắn chip,
18,giay_to,đăng ký tài khoản bằng Căn cước công dân thẻ từ,
19,giay_to,"Tôi bị mất CMND rồi, tôi dùng hộ chiếu để mở tài khoản được không?",
20,giay_to,cmt,
21,giay_to,chứng minh thư,
22,giay_to,chứng min nhân dân,
23,giay_to,cmnd,
24,giay_to,cccd,
25,giay_to,căn chước công dân,
26,giay_to,căn cước công dânh,
27,giay_to,tôi dùng bằng lái xe để mở tài khoản được không?,
3,tktt_giaodich_apdung,Dịch vụ nào được sử dụng tài khoản trực tuyến,
4,tktt_giaodich_apdung,dịch vụ nào được sử dụng tktt,
5,tktt_giaodich_apdung,có dùng tkktt thanh toán hóa đơn được không,
6,tktt_giaodich_apdung,gửi tiền bằng tài khoản trực tuyến được không,
7,tktt_giaodich_apdung,chuyển tiền ngoài hệ thống với tktt được không,
8,tktt_giaodich_apdung,tôi thanh toán hóa đơn được không,
9,tktt_giaodich_apdung,tôi chuyển tiền bằng tài khoản trực tuyến được không,
10,tktt_giaodich_apdung,tôi chuyển tiền qua acb như thế nào,
11,tktt_giaodich_apdung,gửi tiền qua acb như thế nào,
12,tktt_giaodich_apdung,hóa đơn,
13,tktt_giaodich_apdung,hóa đơn điện nước,
14,tktt_giaodich_apdung,gửi tiền,
15,tktt_giaodich_apdung,chuyển khoản,
16,tktt_giaodich_apdung,hóa đơn tiền học,
17,tktt_giaodich_apdung,nộp tiền học,
18,tktt_giaodich_apdung,tôi chuyển tiền liên ngân hàng được không,
19,tktt_giaodich_apdung,tôi muốn chuyển tiền đến ngân hàng bidv được không,
20,tktt_giaodich_apdung,thanh toán hóa đơn nước hộ tôi được không,
21,tktt_giaodich_apdung,tôi muốn gửi tiết kiệm được không?,
22,tktt_giaodich_apdung,chuyển tiền được không,
23,tktt_giaodich_apdung,tài khoản trực tuyến chuyền tiền được không,
24,tktt_giaodich_apdung,tài khoản trực tuyến có chuyền tiền được không,
25,tktt_giaodich_apdung,gửi tiền được không,
4,bat_dau,cho mình hỏi với,
5,bat_dau,cho anh hỏi chút,
6,bat_dau,à mình hỏi chút với,
7,bat_dau,em có thể làm được gì,
8,bat_dau,em có thể hỗ trợ gì,
9,bat_dau,mình muốn hỏi,
10,bat_dau,tôi muốn hỏi,
11,bat_dau,em biết tư vấn gì,
12,bat_dau,thế anh hỏi nhé,
13,bat_dau,em biết gì để anh hỏi nào,
14,bat_dau,em thì có thể giúp gì cho anh,
15,bat_dau,em có những chức năng gì,
16,bat_dau,giúp anh cái này với,
17,bat_dau,anh hỏi cái này với,
18,bat_dau,em cho anh hỏi,
19,bat_dau,bot ơi cho hỏi với,
20,bat_dau,em đã học được những gì rồi,
21,bat_dau,ACB đã dạy gì cho em rồi,
22,bat_dau,em được dạy những gì rồi,
23,bat_dau,"trả lời hay đấy, em biết làm những gì",
24,bat_dau,cần giúp đỡ,
25,bat_dau,bạn cung cấp những dịch vụ nào nhiều thế?,
26,bat_dau,bạn cung cấp dịch vụ gì,
27,bat_dau,admin trợ giúp tôi vớ,
28,bat_dau,hỗ trợ tôi với bot ơi,
29,bat_dau,hỗ trợ mình với,
5,dong_y,ừ,
6,dong_y,ok em,
7,dong_y,ok bạn,
8,dong_y,chuẩn đấy,
9,dong_y,được đấy,
10,dong_y,đồng ý luôn,
11,dong_y,mình hiểu rồi,
12,dong_y,hiểu rồi,
13,dong_y,ok nhé,
14,dong_y,hiểu ý bạn rồi,
15,dong_y,ok,
16,dong_y,uh,
17,dong_y,ừ em,
18,dong_y,uh bạn,
19,dong_y,uhm,
20,dong_y,ngon đấy,
21,dong_y,tốt đấy,
22,dong_y,ờ,
23,dong_y,à ừ,
24,dong_y,uh ok,
25,dong_y,uh cũng đúng đấy,
6,chuyen_gdv,Em gặp nhân viên tư vấn,
7,chuyen_gdv,Không có nhân viên tư vấn hỗ trợ?,
8,chuyen_gdv,Chuyển nhân viên hộ tôi,
9,chuyen_gdv,Tôi muốn gặp tổng đài viên,
10,chuyen_gdv,tôi cần gặp nhân viên ngay,
11,chuyen_gdv,"tôi không muốn chat với bot, chuyển hộ sang người",
12,chuyen_gdv,Chuyển người hộ với,
13,chuyen_gdv,Gặp điện thoại viên như thế nào,
14,chuyen_gdv,Chuyển hộ tôi sang ĐTV hỗ trợ,
15,chuyen_gdv,Chuyển ĐTV hộ tôi,
16,chuyen_gdv,Nối máy sang ĐTV hỗ trợ nhé,
17,chuyen_gdv,Tôi muốn ĐTV hỗ trợ,
18,chuyen_gdv,Tôi muốn nv hỗ trợ,
19,chuyen_gdv,Em cần gặp tổng đài,
20,chuyen_gdv,Cho xin số tong dai di động vina phone,
21,chuyen_gdv,đtv,
22,chuyen_gdv,chuyển gdv,
23,chuyen_gdv,chuyển đtv,
24,chuyen_gdv,"Bot trả lời chán quá, tôi cần gặp nhân viên",
25,chuyen_gdv,tôi muốn liên lạc với nhân viên,
26,chuyen_gdv,tôi muốn gặp nhân viên hỗ trợ,
27,chuyen_gdv,làm sao để liên lạc với đtv,
28,chuyen_gdv,cho tôi gặp đtv,
29,chuyen_gdv,liên hệ đtv,
30,chuyen_gdv,gặp đtv,
31,chuyen_gdv,Liên hệ chúng tôi,
32,chuyen_gdv,hotline ACB,
33,chuyen_gdv,số điện thoại ACB,
34,chuyen_gdv,hotline ACB là gì,
35,chuyen_gdv,Gặp tư vấn viên,
36,chuyen_gdv,gặp tổng đài viên,
37,chuyen_gdv,Số bên trung tâm hỗ trợ là gì?,
38,chuyen_gdv,số bên trung tâm hỗ trợ acb là gì,
7,hoi_ve_bot,tôi muốn biết tuổi của bạn,
8,hoi_ve_bot,bạn bao nhiêu tuổi rồi?,
9,hoi_ve_bot,Tên bạn là gì,
10,hoi_ve_bot,nói về bạn đi,
11,hoi_ve_bot,Bạn là ai thế,
12,hoi_ve_bot,tên em là gì?,
13,hoi_ve_bot,Cái gì đây?,
14,hoi_ve_bot,Đây là ai?,
15,hoi_ve_bot,hãy giới thiệu bản thân,
16,hoi_ve_bot,Đây là gì?,
17,hoi_ve_bot,giới thiệu về bạn đi,
18,hoi_ve_bot,em là ai?,
19,hoi_ve_bot,bạn có thể giới thiệu bản thân không?,
20,hoi_ve_bot,mày có bị gay ko,
21,hoi_ve_bot,mày bị lesbian à,
22,hoi_ve_bot,bạn là gay à,
23,hoi_ve_bot,bạn là nam hay nữ,
24,hoi_ve_bot,mày là trai hay gái,
25,hoi_ve_bot,bạn là đàn ông hay phụ nữ,
26,hoi_ve_bot,bạn có phải người đồng tính k?,
27,hoi_ve_bot,Bạn sinh ngày bao nhiêu?,
28,hoi_ve_bot,sinh nhật của bạn là bao nhiêu,
29,hoi_ve_bot,mày sinh ngày nào?,
30,hoi_ve_bot,bạn sinh khi nào thế?,
31,hoi_ve_bot,ngày sinh nhật của bạn là ngày nào,
32,hoi_ve_bot,khi nào thì tổ chức sinh nhật,
33,hoi_ve_bot,ngày sinh của bạn là bao nhiêu?,
34,hoi_ve_bot,bạn đẻ khi nào,
35,hoi_ve_bot,Ngày bạn đẻ ra là khi nào,
36,hoi_ve_bot,Ai đẻ ra bạn đó,
37,hoi_ve_bot,Ai sinh ra mày thế,
38,hoi_ve_bot,Mày được sinh ra bởi ai,
39,hoi_ve_bot,Bot được tạo ra bởi ai,
40,hoi_ve_bot,Bạn được xây bởi bên nào thế,
41,hoi_ve_bot,Bot được sây bởi ai thế,
42,hoi_ve_bot,Ai lập trình ra bạn,
43,hoi_ve_bot,bố của bạn là ai,
44,hoi_ve_bot,mẹ của bạn là ai,
45,hoi_ve_bot,ai là người sáng tạo ra bạn?,
46,hoi_ve_bot,ai là bố đẻ của bạn,
47,hoi_ve_bot,ai là mẹ của bạn,
48,hoi_ve_bot,ai đẻ ra mày?,
49,hoi_ve_bot,cho mình biết bạn sinh ra ở đâu,
50,hoi_ve_bot,Quê bạn ở đâu,
51,hoi_ve_bot,cho mình biết quê hương của bạn,
52,hoi_ve_bot,Bạn đang ở đâu đấy,
53,hoi_ve_bot,bạn sinh sống ở đâu,
54,hoi_ve_bot,Người yêu của bot là ai thế,
55,hoi_ve_bot,Ny của bot là ai thế,
56,hoi_ve_bot,Bot đang yêu ai thế,
57,hoi_ve_bot,Bot đang thích ai thế,
58,hoi_ve_bot,Người tình của bot là ai,
59,hoi_ve_bot,Ai là người yêu của bot thế,
60,hoi_ve_bot,Bot đã kết hôn chưa,
61,hoi_ve_bot,bạn đã cưới ai đó,
62,hoi_ve_bot,Chồng bạn là ai,
63,hoi_ve_bot,Vk bạn là ai thế,
64,hoi_ve_bot,Bạn sẽ kết hôn với ai thế,
65,hoi_ve_bot,bót có người yêu k,
66,hoi_ve_bot,bot bê đê,
67,hoi_ve_bot,bot yêu ai chưa,
68,hoi_ve_bot,giới tính,
69,hoi_ve_bot,bot là nam hay nữ vậy ?,
70,hoi_ve_bot,bot có người yêu chưa ?,
71,hoi_ve_bot,bot bê đê đúng không,
72,hoi_ve_bot,em là người hay robot ?,
73,hoi_ve_bot,ai code ra bot,
74,hoi_ve_bot,Ai đẻ ra em thế,
75,hoi_ve_bot,bố em có phải là tên trộm,
76,hoi_ve_bot,giới thiệu về bot,
77,hoi_ve_bot,bot là nam hay nữ,
78,hoi_ve_bot,bot học hết lớp mấy,
79,hoi_ve_bot,ai làm ra em vậy,
80,hoi_ve_bot,ngày sinh,
81,hoi_ve_bot,bố m là ai,
82,hoi_ve_bot,ai tạo ra mày,
83,hoi_ve_bot,bạn trai em đâu,
84,hoi_ve_bot,Bot này chạy bằng cơm à,
85,hoi_ve_bot,Thế bạn có người yêu chưa,
86,hoi_ve_bot,trình độ học vấn sao,
87,hoi_ve_bot,Em có người yêu chưa,
88,hoi_ve_bot,bot cần bồ nhí ko,
89,hoi_ve_bot,Bot nhà ở đâu thế,
90,hoi_ve_bot,Đi làm ở đâu,
91,hoi_ve_bot,Gia đình bạn gồm những ai,
92,hoi_ve_bot,Gia đình em bao người,
93,hoi_ve_bot,có những ai trong gia đình em,
94,hoi_ve_bot,cho anh xin info nhé em gái,
95,hoi_ve_bot,cho mh xin sđt với,
96,hoi_ve_bot,bot là sản phẩm của công ty nào thế?,
97,hoi_ve_bot,Giới thiệu về bản thân bạn,
98,hoi_ve_bot,Bạn là ai,
99,hoi_ve_bot,Bạn đến từ đâu,
100,hoi_ve_bot,Giới tính của bạn,
101,hoi_ve_bot,sinh năm bao nhiêu,
102,hoi_ve_bot,nó sinh năm bao nhiêu,
103,hoi_ve_bot,tên gì,
104,hoi_ve_bot,lấy chồng chưa,
105,hoi_ve_bot,bao giờ em chống lầy,
106,hoi_ve_bot,nhà ở đâu,
107,hoi_ve_bot,nhà em ở chỗ nào,
108,hoi_ve_bot,em làm nghề gì,
109,hoi_ve_bot,nghề nghiệp của em là gì,
110,hoi_ve_bot,em làm việc ở đâu,
111,hoi_ve_bot,em làm bộ phận nào,
8,noi_vui,Nói chuyện với bạn chán quá,
9,noi_vui,nói chuyện với mày chán quá,
10,noi_vui,nói chuyện với bạn tẻ nhạt quá,
11,noi_vui,nói chuyện vs bạn chán quá,
12,noi_vui,bạn tẻ nhạt quá,
13,noi_vui,I miss you,
14,noi_vui,tớ nhớ cậu,
15,noi_vui,tao nhớ mày,
16,noi_vui,em nhớ anh,
17,noi_vui,mình nhớ bạn,
18,noi_vui,mình thích bạn,
19,noi_vui,i miss u,
20,noi_vui,anh nhớ em,
21,noi_vui,Mày phiền phức quá,
22,noi_vui,bạn làm phiền tôi nhiều quá đấy,
23,noi_vui,mày làm tao khó chịu đó,
24,noi_vui,khó chịu thật đấy,
25,noi_vui,tôi thấy bạn thật là phiền phức,
26,noi_vui,thật là phiền phức,
27,noi_vui,phiền phức quá,
28,noi_vui,bạn phiền quá,
29,noi_vui,bạn thật là khó chịu,
30,noi_vui,tao thấy mày thật là phiền phức,
31,noi_vui,Bạn thông minh quá,
32,noi_vui,bạn thật là giỏi,
33,noi_vui,wow giỏi quá,
34,noi_vui,bạn biết nhiều quá,
35,noi_vui,bạn giỏi thật đấy,
36,noi_vui,em thông minh nhỉ,
37,noi_vui,bạn giỏi quá,
38,noi_vui,bạn thật là thông minh,
39,noi_vui,em giỏi quá,
40,noi_vui,I like you,
41,noi_vui,tao thích mày,
42,noi_vui,"anh ơi, em nghĩ là em rất thích anh",
43,noi_vui,"em ơi, anh thích em quá",
44,noi_vui,anh thích em lắm,
45,noi_vui,em thích anh lắm,
46,noi_vui,anh rất yêu em bot à,
47,noi_vui,yêu mày lắm cơ,
48,noi_vui,"babie à, anh yêu em nhiều lắm",
49,noi_vui,I love u,
50,noi_vui,tao yêu mày,
51,noi_vui,anh yêu em,
52,noi_vui,em iu anh,
53,noi_vui,anh nghĩ anh yêu em mất rồi,
54,noi_vui,em yêu anh,
55,noi_vui,tớ yêu cậu,
56,noi_vui,mình yêu bạn,
57,noi_vui,tôi nghĩ mình yêu bạn mất rồi,
58,noi_vui,Bạn đáng yêu quá,
59,noi_vui,trông bạn đáng yêu quá,
60,noi_vui,bạn thật là xinh đẹp,
61,noi_vui,bạn thật đáng iu,
62,noi_vui,nay trông bạn xinh quá,
63,noi_vui,bạn hấp dẫn quá,
64,noi_vui,bạn thật hấp dẫn,
65,noi_vui,bạn đẹp trai quá,
66,noi_vui,bạn xinh quá,
67,noi_vui,trông bạn thật đẹp trai,
68,noi_vui,trông bạn hấp dẫn quá,
69,noi_vui,nay trông bạn đẹp quá,
70,noi_vui,nay trông em xinh quá,
71,noi_vui,hí hí bot ơi yêu mình nhá,
72,noi_vui,bot nhiệt tình ghê,
73,noi_vui,Sao bot dốt thế,
74,noi_vui,sao bot ngu thế nhỉ,
75,noi_vui,Bot gì lôm côm thế,
76,noi_vui,Bot dốt vãi,
77,noi_vui,Sao bot ngu thế,
78,noi_vui,Bot lôm côm vãi,
79,noi_vui,bot kiêu thế,
80,noi_vui,m thông minh đó,
81,noi_vui,em thật là ngu,
82,noi_vui,bot ngon vc,
83,noi_vui,bot giỏi quá,
84,noi_vui,ngu,
85,noi_vui,anh Quý đẹp trai lắm đúng không ?,
86,noi_vui,bot óc chó,
87,noi_vui,bot thông  minh,
88,noi_vui,bot gà,
89,noi_vui,bot khôn,
90,noi_vui,bot hay,
91,noi_vui,bot chans qua,
92,noi_vui,bot ngu,
93,noi_vui,bot dốt,
94,noi_vui,ngu lắm,
95,noi_vui,Người tên Huy đều là người đẹp trai đúng không?,
96,noi_vui,bạn thấy tôi thế nào?,
97,noi_vui,sao em xàm thế,
98,noi_vui,ngáo ah,
99,noi_vui,yêu anh được không,
100,noi_vui,bó tay,
101,noi_vui,Đẹp zai k bot,
102,noi_vui,bị ngơ à,
103,noi_vui,Nói chuyện với em chán quá !,
104,noi_vui,xinh thế,
105,noi_vui,sao m dốt thế,
106,noi_vui,chán em quá,
107,noi_vui,sao bot ngu thế chat mãi không hiểu,
108,noi_vui,Bot trả lời chán vậy,
109,noi_vui,Ngáo hả em,
110,noi_vui,Sao chậm hiểu quá vậy,
111,noi_vui,Đáng yêu quá cơ,
112,noi_vui,Cái gì cũng biết,
113,noi_vui,trả lời tự động mà cũng thông minh nhỉ,
114,noi_vui,lởm thật,
115,noi_vui,Yêu bạn quá à,
116,noi_vui,Thông minh quá,
117,noi_vui,Sao bạn cái gì cũng giỏi vậy,
118,noi_vui,Ngu quá á,
119,noi_vui,Ngu vãi cơ,
120,noi_vui,Sao mày ngu quá vậy,
121,noi_vui,Ngu vãi chưởng,
122,noi_vui,robot trả lời chán thế,
123,noi_vui,Làm thế nào để kiếm thật nhiều tiền,
124,noi_vui,Làm cách nào để kiếm nhiều tiền,
125,noi_vui,kiếm tiền như thế nào,
126,noi_vui,làm sao để có nhiều tiền,
127,noi_vui,Em thật là ngu ngốc,
128,noi_vui,Tôi Yêu bạn,
129,noi_vui,em khôn thế,
130,noi_vui,em ngu thế,
131,noi_vui,anh đang khen em đó,
9,tinh_toan_van,1 cộng 1 bằng mấy,
10,tinh_toan_van,1 cộng 1,
11,tinh_toan_van,10 trừ 2,
12,tinh_toan_van,132424 nhân 2343 bằng bao nhiêu,
13,tinh_toan_van,434543 trừ 2323,
14,tinh_toan_van,223432 cộng 3499,
15,tinh_toan_van,2142344 trừ 324324 bằng bao nhiêu,
16,tinh_toan_van,12324 + 234324 bằng bao nhiêu,
17,tinh_toan_van,234324 chia 32432,
18,tinh_toan_van,213214 chia cho tổng của 234324 với 132,
19,tinh_toan_van,234324 nhân với tổng của 234 và 343,
20,tinh_toan_van,biết làm phép tính không,
21,tinh_toan_van,biết tính toán không,
22,tinh_toan_van,biết nhân chia cộng trừ không,
23,tinh_toan_van,biết tính cộng không,
24,tinh_toan_van,học phép nhân chưa em,
25,tinh_toan_van,học cách chia 2 số chưa,
26,tinh_toan_van,phép trừ em biết tính không,
27,tinh_toan_van,em biết làm phép nhân không,
28,tinh_toan_van,em biết làm phép chia à,
29,tinh_toan_van,biết tính toán à em,
30,tinh_toan_van,10 - 8 =,
31,tinh_toan_van,5 + 3 =,
32,tinh_toan_van,342344*34343 =,
33,tinh_toan_van,213213/3434 =,
34,tinh_toan_van,890/9 =,
35,tinh_toan_van,563*7=,
36,tinh_toan_van,234324 - 556 =,
37,tinh_toan_van,3244+904 =,
38,tinh_toan_van,làm phép tính như nào,
39,tinh_toan_van,cộng trừ nhân chia à,
40,tinh_toan_van,làm phép tính là như nào nhỉ,
41,tinh_toan_van,em có thể tính toán được à,
42,tinh_toan_van,em có thể làm phép tính được à,
43,tinh_toan_van,làm phép tính thử xem em,
44,tinh_toan_van,làm sao để biết em biết làm phép tính nhỉ,
45,tinh_toan_van,làm sao chứng mình được là em biết tính toán nhỉ,
46,tinh_toan_van,98*63,
47,tinh_toan_van,1452+897,
10,chuc_tet,Em anna gửi lời chúc đến Phó Chủ tịch nước nhé,
11,chuc_tet,Em Anna chúc tết Phó chủ tịch nước nhé,
12,chuc_tet,Em Anna gửi lời chúc đến Phó chủ tịch nước Ngọc Thịnh nhé,
13,chuc_tet,Anna mừng tết Phó chủ tịch nước nhé,
14,chuc_tet,Anna chúc mừng năm mới Phó chủ tịch nước nhé,
15,chuc_tet,Anna chúc tết Phó chủ tịch nước nhé,
16,chuc_tet,em chúc tết đi,
17,chuc_tet,em chúc tết phó chủ tịch nước nhé,
18,chuc_tet,em chúc tết phó chủ tịch nước đặng ngọc thịnh nhé,
19,chuc_tet,em có muốn gửi lời chúc gì không,
20,chuc_tet,chúc tết đi,
21,chuc_tet,anna gửi lời chúc đi,
22,chuc_tet,em gửi lời chúc tết đi,
23,chuc_tet,em gửi lời chúc năm mới đi,
24,chuc_tet,gửi lời chúc đầu năm nào anna,
25,chuc_tet,em có muốn chúc tết không,
26,chuc_tet,anna gửi lời chúc đến phó chủ tịch nước Đặng ngọc thịnh đi,
27,chuc_tet,em chúc tết phó chủ tịch nước đi,
28,chuc_tet,em chúc tết nào,
29,chuc_tet,em gửi lời chúc tết phó chủ tịch nước nhé,
30,chuc_tet,em gửi lời chúc đến phó chủ tịch nước nhé,
31,chuc_tet,em gửi lời chúc đầu năm đi,
32,chuc_tet,em gửi lời chúc mừng năm mới đầu xuân đi,
33,chuc_tet,anna chúc đầu xuân đi,
34,chuc_tet,anna chúc mừng đầu xuân đi,
35,chuc_tet,em có muốn nói gì không,
36,chuc_tet,anna muốn chúc gì khôn,
37,chuc_tet,anna muốn chúc gì không,
38,chuc_tet,anna có muốn gửi lời chúc không,
39,chuc_tet,anna gửi lời chúc nhé,
11,mua_sam,thịt bò khô bao nhiêu một lạng,
12,mua_sam,Tết mua nhà ở đâu,
13,mua_sam,Nên mua xe đạp loại gì,
14,mua_sam,nên mua nhà ở đâu,
15,mua_sam,nên mua máy tính loại gì thì tốt,
16,mua_sam,nên mua máy tính để bàn hay laptop,
17,mua_sam,nên mua gì,
18,mua_sam,nên mua đồ gì cho bạn thân,
19,mua_sam,Nên mua bình nước màu gì,
20,mua_sam,mua rượu ở đâu,
21,mua_sam,mua rượu được không,
22,mua_sam,Mua  bò ở đâu thì ngon,
23,mua_sam,cách mua quà tết cho người thân,
24,mua_sam,tết thì nên mua gì,
25,mua_sam,tôi muốn mua trái phiếu,
26,mua_sam,tôi muốn mua cổ phiếu hdbank,
27,mua_sam,trái phiếu hdbank có bán không,
28,mua_sam,tết năm nay nên mua gì,
29,mua_sam,thưởng tết thì mua gì,
30,mua_sam,mua gì ăn tết,
31,mua_sam,có tiền nên mua gì,
32,mua_sam,mua  gì,
33,mua_sam,tôi muốn mua sắm,
12,ru_re,mai đi liên hoan với phòng a không ?,
13,ru_re,trưa đi ăn vs anh không,
14,ru_re,có biết chịch dạo là gì k,
15,ru_re,Chịc k,
16,ru_re,đi chơi không,
17,ru_re,đi chơi k,
18,ru_re,"Ê, đi chơi không",
19,ru_re,Đi chơi với tao không,
20,ru_re,Bỏ đi chơi đi,
21,ru_re,Đi chơi thích lắm,
22,ru_re,Nghỉ việc đi,
23,ru_re,nhậu hơm robot,
24,ru_re,đi du lịch không,
25,ru_re,Tối nay đi bay lắc không,
26,ru_re,đi bay lắc không,
27,ru_re,Hôm nay có đi ăn tân niên không,
28,ru_re,hôm nay đi đón giao thừa không,
29,ru_re,Hôm nay có đi ăn phở không,
30,ru_re,đi tất niên không,
31,ru_re,đi shopping không,
32,ru_re,đi nhà sách không,
33,ru_re,đi mua đồ mới nha,
34,ru_re,đi mua đồ không,
13,doa_dam,gọi đại ca ra đây nói chuyện với t,
14,doa_dam,m đừng giả vờ,
15,doa_dam,có tin t đánh chết m* m không?,
16,doa_dam,t thích chửi  đấy,
17,doa_dam,f*ck,
18,doa_dam,ý thức không bằng đống gạch,
19,doa_dam,"t đánh sập m luôn nhé
t đánh sập m luôn nhé
v
t đánh sập m luôn nhé",
20,doa_dam,t đánh sập m luôn nhé,
21,doa_dam,đm,
22,doa_dam,choảng nhau k,
23,doa_dam,Cáu rồi đấy,
24,doa_dam,Mày bị sao vậy,
25,doa_dam,Quýnh lôn không,
26,doa_dam,Đánh bây giờ,
27,doa_dam,Chửi cho bớt ngu chứ,
28,doa_dam,"t đánh sập m luôn nhé_x000d_
t đánh sập m luôn nhé_x000d_
v_x000d_
t đánh sập m luôn nhé",
29,doa_dam,tao đang chat kiếm với mày đó,
30,doa_dam,nghe rõ tao nói cái gì không,
31,doa_dam,nghe tao nói gì không,
32,doa_dam,sao nó không trả lời mày ăn cơm,
33,doa_dam,"t đánh sập m luôn nhé_x000d__x000d_
t đánh sập m luôn nhé_x000d__x000d_
v_x000d__x000d_
t đánh sập m luôn nhé",
34,doa_dam,"t đánh sập m luôn nhé_x000d__x000d__x000d_
t đánh sập m luôn nhé_x000d__x000d__x000d_
v_x000d__x000d__x000d_
t đánh sập m luôn nhé",
14,so_thich,Sở thích của m là gì,
15,so_thich,mày thích chơi thể thao không?,
16,so_thich,Em thích đọc sách nào,
17,so_thich,Em có biết hát không,
18,so_thich,Mày thích cái gì nhất nhỉ,
19,so_thich,Bài hát em thích nhất là gì,
20,so_thich,Môn thể thao em thích là gì,
21,so_thich,Bạn thích chơi món gì,
22,so_thich,Khi rảnh bot thích làm gì nhất,
23,so_thich,Bot có thích làm thơ không,
24,so_thich,Bot có biết làm thơ không,
25,so_thich,Ca sĩ em thích là ai,
26,so_thich,Em hâm mộ ca sĩ nào nhỉ,
27,so_thich,em là fan của sơn tùng không,
28,so_thich,Bạn thích nghe loại nhạc gì,
29,so_thich,Loại nhạc em thích là gì thế,
30,so_thich,Nhạc em thích là gì',
31,so_thich,Em có thích xem phim không,
32,so_thich,Phim em thích là gì,
33,so_thich,Em thích xem phim gì nhỉ,
34,so_thich,Phim mày thích là gì thế,
35,so_thich,Mày thích xem loại phim nào,
36,so_thich,Kể tên phim mà em thích đi,
37,so_thich,Em hay xem phim gì,
38,so_thich,chơi nối từ ko,
39,so_thich,bot ăn kem gì,
40,so_thich,bây h bài nào đang hot trend,
41,so_thich,bot muốn ăn gì,
42,so_thich,Bạn có thích ăn rau dền không?,
43,so_thich,Thế em biết kể chuyện cười không?,
44,so_thich,Kể chuyện cười ,
45,so_thich,Sở thích của bạn là gì,
46,so_thich,Mày thích gì,
47,so_thich,Bạn thích gì nhất,
48,so_thich,Bot có biết sách nào nói về khoa học không?,
49,so_thich,"Bot có biết bài hát nào về giáng sinh không, hãy cho tôi biết tên một bài hát",
50,so_thich,tôi đang buồn hãy gợi ý cho tôi tên một bài hát,
51,so_thich,Bot ăn sáng chưa?,
52,so_thich,bot có thích conan không?,
53,so_thich,bot thích màu gì vậy/,
54,so_thich,Bạn thích ăn gì,
55,so_thich,đọc sách gì bạn ơi,
56,so_thich,robot đọc sách gì,
57,so_thich,sách gì,
58,so_thich,Robot có biết hát không ?,
59,so_thich,Thất tình thì nên nghe bài hát gì,
60,so_thich,Tâm trạng không vui nên nghe bài hát gì,
61,so_thich,truyện cười,
62,so_thich,robot có biết nấu ăn không,
63,so_thich,đang chán nghe bài gì,
64,so_thich,Đọc thơ đi bot,
65,so_thich,đọc thơ,
66,so_thich,làm thơ đi robot,
67,so_thich,làm thơ đi em,
68,so_thich,làm thơ đi bot,
69,so_thich,Kể chuyện vui,
70,so_thich,em cũng biết làm thơ à,
71,so_thich,em có biết kể chuyện không,
72,so_thich,em có biết làm thơ không,
73,so_thich,làm bài thơ anh nghe,
74,so_thich,kể anh câu chuyện nào em biết đi,
15,hoi_tham,Dạo này thế nào?,
16,hoi_tham,bạn có khỏe không,
17,hoi_tham,bạn có ổn không,
18,hoi_tham,ổn chứ,
19,hoi_tham,có phát triển thêm được gì không em?,
20,hoi_tham,cuộc sống dạo này thế nào?,
21,hoi_tham,Thời tiết hôm nay như thế nào,
22,hoi_tham,dự báo thời tiết hôm nay,
23,hoi_tham,thời tiết hôm nay,
24,hoi_tham,hôm nay thời tiết đẹp không,
25,hoi_tham,hôm nay mưa không nhỉ,
26,hoi_tham,nhiệt độ hôm nay bao nhiêu,
27,hoi_tham,nóng nhỉ nhiệt độ như thế nào,
28,hoi_tham,thời tiết hà nội bao độ,
29,hoi_tham,nay thứ mấy rồi,
30,hoi_tham,mai là ngày nào,
31,hoi_tham,dự báo thời tiết ngày mai,
32,hoi_tham,bây giờ là mấy giờ,
33,hoi_tham,em ăn cơm chưa ?,
34,hoi_tham,Em ăn cơm chưa,
35,hoi_tham,thời tiết hôm nay lạnh quá,
36,hoi_tham,có lạnh không,
37,hoi_tham,hôm nay bạn thế nào?,
38,hoi_tham,hôm nay thời tiết thế nào,
39,hoi_tham,khỏe không,
40,hoi_tham,Mày khỏe không,
41,hoi_tham,Mày thế nào,
42,hoi_tham,Trời hôm nay u ám quá,
43,hoi_tham,"Xin chào, bạn có khỏe không?",
44,hoi_tham,Mưa quá à,
45,hoi_tham,Bot có vui không?,
46,hoi_tham,cho hỏi hôm nay là ngày bao nhiêu vậy?,
47,hoi_tham,Khỏe không?,
48,hoi_tham,Thời tiết hôm nay thế nào?,
49,hoi_tham,Hôm nay trời có mưa không?,
50,hoi_tham,Hôm nay có mát không?,
51,hoi_tham,Hôm nay nắng quá,
52,hoi_tham,Hôm nay mưa quá,
53,hoi_tham,mây mù âm mu,
54,hoi_tham,trời nắng,
55,hoi_tham,trời nắng ráo,
56,hoi_tham,ổn không bạn ơi,
57,hoi_tham,nhiệt độ Hồ Chí Minh,
58,hoi_tham,thời tiết,
59,hoi_tham,Thời tiết hôm nay thế nào,
60,hoi_tham,Hôm nay trời có nắng không,
61,hoi_tham,nhiệt độ,
62,hoi_tham,hôm nay là thứ mấy,
63,hoi_tham,hôm nay là ngày mấy,
64,hoi_tham,mấy giờ rồi,
65,hoi_tham,ngày hôm nay là ngày gì,
66,hoi_tham,hôm nay là ngày gì,
67,hoi_tham,Tôi muốn xem thông tin thời tiết,
68,hoi_tham,Tôi muốn xem thời tiết,
69,hoi_tham,Cho hỏi mấy giờ rồi anh tắt gì anh taxi ơi,
70,hoi_tham,giờ hiện tại,
71,hoi_tham,Nhiệt độ Lâm Đồng là bao nhiêu,
72,hoi_tham,Cho hỏi mấy giờ rồi,
73,hoi_tham,thời gian,
74,hoi_tham,Hiện tại là mấy giờ,
75,hoi_tham,Hôm nay thứ mấy ?,
76,hoi_tham,Hôm nay thứ mấy?,
77,hoi_tham,Thời hôm nay thế nào?,
78,hoi_tham,thời tiết hà nội hôm nay,
79,hoi_tham,em có buồn không,
80,hoi_tham,có biết buồn không,
81,hoi_tham,em đang vui hay buồn,
82,hoi_tham,thứ 2 tuần sau là ngày bao nhiêu,
83,hoi_tham,thứ ba tuần sau là ngày ?,
84,hoi_tham,ngày kia là ngày bao nhiêu,
85,hoi_tham,thứ 4 là ngày mấy,
86,hoi_tham,thứ 5 là ngày bao nhiêu,
87,hoi_tham,chủ nhật là ngày nào,
88,hoi_tham,hôm nay em có bận không,
89,hoi_tham,ngày mai em có rảnh không,
90,hoi_tham,cuối tuần em rảnh lúc nào,
91,hoi_tham,làm việc ở acb thế nào,
92,hoi_tham,tình trạng mối quan hệ của bot như thế nào,
93,hoi_tham,xem ngày giờ là như nào,
94,hoi_tham,"thế à, hôm nay là ngày mấy",
95,hoi_tham,thế bây giờ là mấy giờ rồi,
96,hoi_tham,em biết xem ngày giờ à,
97,hoi_tham,ngày mai ấy,
98,hoi_tham,thời tiết Đà nẵng,
99,hoi_tham,thời tiết hà nội,
100,hoi_tham,thời tiết hcm,
16,tktt_khieunai_thuongia,Sao đang mở tài khoản trực tuyến mà lại thấy tài khoản thương gia nhỉ?,
17,tktt_khieunai_thuongia,Tại sao lại thấy tài khoản thương gia khi tôi đang mở tài khoản trực tuyến?,
18,tktt_khieunai_thuongia,sao lại xuất hiện tài khoản thương gia trên máy tôi,
19,tktt_khieunai_thuongia,tôi đăng ký xong thì xuất hiện thương gia,
20,tktt_khieunai_thuongia,thương gia,
21,tktt_khieunai_thuongia,tôi mở tài khoản trực tuyến mà lại thấy tài khoản thương gia,
22,tktt_khieunai_thuongia,mở tài khoản trực tuyến mà ra tài khoản thương gia là sao nhỉ,
23,tktt_khieunai_thuongia,thấy hiện tài khoản thương gia là bị lỗi gì vậy,
24,tktt_khieunai_thuongia,sao lại thấy tài khoản thương gia sau khi mở tài khoản trực tuyến nhỉ,
25,tktt_khieunai_thuongia,không đăng ký tài khoản thương gia mà lại thấy có,
26,tktt_khieunai_thuongia,Sao đang mở tktt mà lại thấy tài khoản thương gia nhỉ?,
17,tktt_khieunai_mail,Tôi mở tài khoản trực tuyến nhưng chưa nhận được email gửi về,
18,tktt_khieunai_mail,Tôi kiểm tra email mà vẫn chưa nhận được,
19,tktt_khieunai_mail,Sao lâu quá mà tôi vẫn chưa nhận được mail?,
20,tktt_khieunai_mail,tôi kiểm tra mail mãi mà không nhận được mail,
21,tktt_khieunai_mail,tôi đăng ký xong chẳng thấy mail trả về,
22,tktt_khieunai_mail,tôi mở tài khoản xong chẳng thấy mail trả về,
23,tktt_khieunai_mail,mail trả về lâu thế,
24,tktt_khieunai_mail,chẳng nhận được mail nào cả,
25,tktt_khieunai_mail,sao tôi không thấy email gì nhỉ,
26,tktt_khieunai_mail,sao tôi không thấy có email gì gửi về nhỉ,
27,tktt_khieunai_mail,hai ngày rồi tôi không nhận được mail tạo tài khoản,
18,tktt_khieunai_internetbanking,Không sử dụng được internet banking khi mở tài khoản trực tuyến,
19,tktt_khieunai_internetbanking,không sử dụng được internet banking,
20,tktt_khieunai_internetbanking,không sử dụng được internetbanking,
21,tktt_khieunai_internetbanking,không thể đăng nhập vào internet banking,
22,tktt_khieunai_internetbanking,internetbanking bị lỗi,
23,tktt_khieunai_internetbanking,internetbanking bị lỗi gì thế,
24,tktt_khieunai_internetbanking,sao không thể dùng internetbanking được nhỉ,
25,tktt_khieunai_internetbanking,tôi bị lỗi khi sử dụng internetbaking,
26,tktt_khieunai_internetbanking,bị lỗi khi dùng tài khoản trực tuyến,
27,tktt_khieunai_internetbanking,dùng tài khoản trực tuyến bị lỗi,
28,tktt_khieunai_internetbanking,Không sử dụng dịch vụ trên IB,
29,tktt_khieunai_internetbanking,Không sử dụng được internet banking khi mở tktt,
19,tktt_cachsudung,Cách sử dụng tài khoản trực tuyến,
20,tktt_cachsudung,sử dụng,
21,tktt_cachsudung,sử dụng tài khoản trực tuyến như thế nào,
22,tktt_cachsudung,tôi muốn biết thông tin về sử dụng tài khoản trực tuyến,
23,tktt_cachsudung,cách dùng tài khoản trực tuyến,
24,tktt_cachsudung,dùng như nào,
25,tktt_cachsudung,dùng tài khoản trực tuyến có dễ không,
26,tktt_cachsudung,cách sử dụng thế nào,
27,tktt_cachsudung,bắt đầu sử dụng tài khoản trực tuyến như nào,
28,tktt_cachsudung,sau khi đăng ký xong thì làm gì để bắt đầu sử dụng tài khoản,
29,tktt_cachsudung,cho tôi biết cách sử dụng tài khoản trực tuyến,
30,tktt_cachsudung,Tôi đã mở tài khoản trực tuyến thành công giờ tôi cần làm gì tiếp theo,
31,tktt_cachsudung,tôi cần làm gì tiếp theo,
32,tktt_cachsudung,mở tài khoản xong thì làm gì nhỉ,
33,tktt_cachsudung,cách sử dụng tktt,
34,tktt_cachsudung,tktt sử dụng thế nào,
20,tktt_khieunai_laythe,Mình đăng ký tài khoản thành công rồi thì khi nào có thẻ?,
21,tktt_khieunai_laythe,Mình đăng ký tài khoản thành công và sử dụng được trên ACB ONE rồi thì khi nào có thẻ?,
22,tktt_khieunai_laythe,Thẻ giao về nhà hay phải đến ngân hàng để lấy?,
23,tktt_khieunai_laythe,khi nào có thẻ,
24,tktt_khieunai_laythe,khi nào giao được thẻ cho tôi,
25,tktt_khieunai_laythe,thẻ khi nào đến nhà,
26,tktt_khieunai_laythe,làm sao để nhận được thẻ,
27,tktt_khieunai_laythe,tôi có thể nhận thẻ bằng hình thức nào,
28,tktt_khieunai_laythe,tôi không nhận được thẻ khi dùng tài khoản trực tuyến,
29,tktt_khieunai_laythe,Đăng kí tài khoản thành công thì bao giờ được cấp thẻ,
30,tktt_khieunai_laythe,đăng ký ngân hàng trực tuyến thì có thẻ cứng không bạn,
31,tktt_khieunai_laythe,sao tôi không thấy ai gửi thẻ cứng về sau khi đăng ký ngân hàng trực tuyến nhỉ,
32,tktt_khieunai_laythe,tôi đăng ký xong rồi bao lâu thì có thẻ nhỉ,
33,tktt_khieunai_laythe,sau bao lâu thì có thẻ thế bot ơi,
34,tktt_khieunai_laythe,Nhận thẻ khi mở TKTT,
35,tktt_khieunai_laythe,Có hỗ trợ phát hành thẻ khi đăng kí tài khoản online không,
36,tktt_khieunai_laythe,Tôi muốn hủy thẻ,
21,cauhoi_thuongap,Sao tôi lại thấy Message này?,
22,cauhoi_thuongap,Thông báo này là gì vậy?,
23,cauhoi_thuongap,Tôi mở tài khoản trực tuyến và gặp thông báo này?,
24,cauhoi_thuongap,"tôi thấy hiển thị thông báo này ở trên màn hình, nó nghĩa là gì vậy",
25,cauhoi_thuongap,tôi muốn tra cứu thông báo lỗi khi đăng ký tài khoản trực tuyến,
26,cauhoi_thuongap,mã lỗi này,
27,cauhoi_thuongap,sao tôi thấy mã lỗi này,
28,cauhoi_thuongap,Sao tôi lại thấy Quý khách đã là khách hàng ACB hoặc không thuộc đối tượng mở tài khoản trực tuyến này?,
29,cauhoi_thuongap,"Hiện tại ACB chưa thể xử lý yêu cầu của Quý khách, xin lỗi sự bất tiện này!",
30,cauhoi_thuongap,Ảnh chưa hợp lệ,
31,cauhoi_thuongap,Kiểm tra email trong vòng 24h,
32,cauhoi_thuongap,Thiết bị hoặc trình duyệt của Quý khách chưa tương thích để thực hiện định danh điện tử,
33,cauhoi_thuongap,Thông tin giấy tờ tuy thân của chủ tài khoản đã tồn tại trên hệ thống,
34,cauhoi_thuongap,Quý khách đã là khách hàng ACB hoặc không thuộc đối tượng mở tài khoản trực tuyến,
35,cauhoi_thuongap,Yêu cầu quý khách chưa được xác nhận,
36,cauhoi_thuongap,tôi có một số thắc mắc cần được giải đáp,
37,cauhoi_thuongap,có câu hỏi thường gặp nào không,
38,cauhoi_thuongap,câu hỏi thường gặp,
39,cauhoi_thuongap,sao lại có thông báo này nhỉ,
40,cauhoi_thuongap,tôi làm định danh điện tử mấy lần mà chưa được thì phải làm sao,
41,cauhoi_thuongap,xuất hiện lỗi acb chưa thể xử lý yêu cầu là sao,
42,cauhoi_thuongap,faq,
43,cauhoi_thuongap,tông báo lỗi,
44,cauhoi_thuongap,thông báo,
45,cauhoi_thuongap,mã lỗi,
46,cauhoi_thuongap,xuất hiện thông báo lỗi,
22,tktt_eky_chuphinh_capquyen_camera,Hướng dẫn tôi cách cấp quyền Camera khi mở tài khoản trực tuyến?,
23,tktt_eky_chuphinh_capquyen_camera,Sao tôi không thấy hộp thoại yêu cầu cấp quyền Camera?,
24,tktt_eky_chuphinh_capquyen_camera,Máy của tôi không cấp quyền Camera được?,
25,tktt_eky_chuphinh_capquyen_camera,cấp quyền camera như thế nào,
26,tktt_eky_chuphinh_capquyen_camera,hướng dẫn tôi cách cấp quyền camera,
27,tktt_eky_chuphinh_capquyen_camera,có hướng dẫn tôi cấp quyền camera,
28,tktt_eky_chuphinh_capquyen_camera,không dùng được camera khi chụp hình,
29,tktt_eky_chuphinh_capquyen_camera,không access được camera khi chụp ảnh giấy tờ,
30,tktt_eky_chuphinh_capquyen_camera,bị lỗi access camera khi chụp hình,
31,tktt_eky_chuphinh_capquyen_camera,điện thoại không cho phép dùng camera khi chụp ảnh chân dung,
32,tktt_eky_chuphinh_capquyen_camera,không trup cập được camera khi chụp hình,
33,tktt_eky_chuphinh_capquyen_camera,tôi không mở được camera khi chụp ảnh,
34,tktt_eky_chuphinh_capquyen_camera,camera không hoạt động khi chụp ảnh,
35,tktt_eky_chuphinh_capquyen_camera,camera không hoạt động khi chụp hình giấy tờ,
36,tktt_eky_chuphinh_capquyen_camera,máy ảnh trên điện thoại không hoạt động khi chụp hình,
37,tktt_eky_chuphinh_capquyen_camera,máy ảnh bị lỗi khi chụp giấy tờ,
38,tktt_eky_chuphinh_capquyen_camera,không mở được máy ảnh để chụp,
39,tktt_eky_chuphinh_capquyen_camera,điện thoại thông báo máy ảnh không truy cập được,
40,tktt_eky_chuphinh_capquyen_camera,cấp quyền cho máy ảnh khi chụp hình,
23,tktt_eky_chuphinh,Tôi chưa biết cách chụp hình làm sao cho chuẩn khi thực hiện định danh điện tử?,
24,tktt_eky_chuphinh,Hướng dẫn tôi cách chụp hình khi thực hiện định danh điện tử?,
25,tktt_eky_chuphinh,Chụp hình giấy tờ như thế nào cho chuẩn?,
26,tktt_eky_chuphinh,Tôi cần lưu ý gì khi chụp hình giấy tờ?,
27,tktt_eky_chuphinh,Chụp hình chân dung như thế nào cho chuẩn?,
28,tktt_eky_chuphinh,Tôi cần lưu ý gì khi chụp hình chân dung?,
29,tktt_eky_chuphinh,chụp hình chân dung như thế nào,
30,tktt_eky_chuphinh,chụp hình giấy tờ như nào cho đúng,
31,tktt_eky_chuphinh,chụp hình như nào,
32,tktt_eky_chuphinh,cách chụp hình,
33,tktt_eky_chuphinh,Tiêu chuẩn chụp hình,
34,tktt_eky_chuphinh,chụp hình kiểu gì,
35,tktt_eky_chuphinh,chụp hình,
36,tktt_eky_chuphinh,chụp giấy tờ,
37,tktt_eky_chuphinh,hướng dẫn chụp giấy tờ khi làm định danh điện tử,
38,tktt_eky_chuphinh,hướng dẫn chụp căn cước công dân khi làm định danh điện tử,
39,tktt_eky_chuphinh,hướng dẫn chụp chứng minh thư khi làm định danh điện tử,
40,tktt_eky_chuphinh,chụp chân dung khi làm định danh điện tử,
41,tktt_eky_chuphinh,chụp chứng minh thư sao cho đúng,
42,tktt_eky_chuphinh,chụp sao cho đúng,
43,tktt_eky_chuphinh,tiêu chuẩn chụp hình là gì,
24,tktt_ekyc,Định danh điện tử?,
25,tktt_ekyc,eKYC?,
26,tktt_ekyc,Định danh điện tử là gì?,
27,tktt_ekyc,Tôi cần tìm hiểu về định danh điện tử?,
28,tktt_ekyc,eKYC là gì?,
29,tktt_ekyc,Giới thiệu cho tôi về eKYC?,
30,tktt_ekyc,Nói sơ cho tôi về hệ thống định danh điện tử?,
31,tktt_ekyc,Hướng dẫn tôi thực hiện eKYC?,
32,tktt_ekyc,Hướng dẫn tôi thực hiện định danh điện tử?,
33,tktt_ekyc,Làm thế nào để thực hiện định danh điện tử?,
34,tktt_ekyc,Định danh điện tử như thế nào?,
35,tktt_ekyc,định nghĩa ekyc là gì,
36,tktt_ekyc,thông tin ekyc nghĩa là gì thế bạn,
37,tktt_ekyc,thế nào là định danh điện tử,
38,tktt_ekyc,thế nào là ekyc,
39,tktt_ekyc,định danh điện tử là gì,
40,tktt_ekyc,thế nào là định danh điện tử nhỉ,
41,tktt_ekyc,định danh điện tử bằng Căn cước công dân gắn chip,
42,tktt_ekyc,định danh điện tử bằng Căn cước công dân thẻ từ,
43,tktt_ekyc,Định danh điện tử bằng Giấy chứng minh nhân dân,
44,tktt_ekyc,mà ekyc là cái gì vậy,
45,tktt_ekyc,Xác thực thông tin điện tử là sao,
46,tktt_ekyc,Thực hiện eKYC như thế nào,
47,tktt_ekyc,Cân làm dì để định danh điện tử,
25,tktt_motaikhoan,Mở tài khoản trực tuyến?,
26,tktt_motaikhoan,Mở tài khoản không tới quầy?,
27,tktt_motaikhoan,Cách mở tài khoản trực tuyến,
28,tktt_motaikhoan,Mở tài khoản trực tuyến làm sao?,
29,tktt_motaikhoan,Làm sao để mở tài khoản trực tuyến?,
30,tktt_motaikhoan,Mở tài khoản trực tuyến như thế nào?,
31,tktt_motaikhoan,Cần gì để mở tài khoản trực tuyến?,
32,tktt_motaikhoan,Có yêu cầu gì khi mở tài khoản trực tuyến?,
33,tktt_motaikhoan,mở tài khoản như thế nào,
34,tktt_motaikhoan,làm sao để mở tài khoản trực tuyến,
35,tktt_motaikhoan,mở tài khoản trực tuyến như thế nào,
36,tktt_motaikhoan,Cho tôi xin đường dẫn đăng kí tài khoản trực tuyến,
37,tktt_motaikhoan,tôi có thể đăng ký tài khoản ở đâu,
38,tktt_motaikhoan,tôi có thể đăng ký tài khoản trực tuyến ở đâu,
39,tktt_motaikhoan,Mình đã có tài khoản acb rồi thì có đăng kí thêm tài khoản nữa được không,
40,tktt_motaikhoan,tạo tài khoản thế nào,
41,tktt_motaikhoan,tạo tài khoản online thế nào,
42,tktt_motaikhoan,đăng ký tài khoản,
43,tktt_motaikhoan,đăng ký tài khoản thế nào,
44,tktt_motaikhoan,đăng ký tài khoản trực tuyến,
45,tktt_motaikhoan,đăng ký,
46,tktt_motaikhoan,mở tài khoản,
47,tktt_motaikhoan,mở,
48,tktt_motaikhoan,tôi có thể đăng ký tài khoản trực tuyến trên web không,
49,tktt_motaikhoan,mở tài khoản trực tuyến trên web thế nào,
50,tktt_motaikhoan,mở tài khoản bằng trên chrome thế nào,
51,tktt_motaikhoan,mở tài khoản bằng,
52,tktt_motaikhoan,Mở tài khoản trực tuyến ra sao?,
53,tktt_motaikhoan,Tôi cần mở tài khoản trực tuyến,
54,tktt_motaikhoan,tôi cần mở,
55,tktt_motaikhoan,open tài khoản,
56,tktt_motaikhoan,tạo,
57,tktt_motaikhoan,tạo tài khoản,
58,tktt_motaikhoan,Phải làm gì để mở được tài khoản trực tuyến?,
59,tktt_motaikhoan,Mở tài khoản trực tuyến ra sao,
60,tktt_motaikhoan,Phải làm gì để mở được tài khoản trực tuyến,
61,tktt_motaikhoan,tktt mở ntn,
62,tktt_motaikhoan,mở tktt như thế nào,
26,tktt_dichvudikem,Tài khoản trực tuyến có dịch vụ gì đi kèm?,
27,tktt_dichvudikem,Dịch vụ đi kèm với tài khoản trực tuyến?,
28,tktt_dichvudikem,dịch vụ đi kèm,
29,tktt_dichvudikem,dịch vụ đính kèm,
30,tktt_dichvudikem,chương trình đi kèm,
31,tktt_dichvudikem,chương trình đi kèm với tài khoản trực tuyến là gì,
32,tktt_dichvudikem,có dịch vụ đi kèm nào không,
33,tktt_dichvudikem,cho hỏi dịch vụ đi kèm với tài khoản trực tuyến là gì,
34,tktt_dichvudikem,dịch vụ bắt buộc với tài khoản trực tuyến là gì,
35,tktt_dichvudikem,dịch vụ đi cùng,
36,tktt_dichvudikem,dịch vụ song song là gì,
37,tktt_dichvudikem,có dịch vụ đi cùng nữa không,
38,tktt_dichvudikem,tôi liên kết ngân hàng với ví điện tử được không?,
39,tktt_dichvudikem,liên kết ngân hàng với ví điện tử thế nào,
40,tktt_dichvudikem,có dùng tài khoản trực tuyến với momo được không,
41,tktt_dichvudikem,có dùng tài khoản trực tuyến với shopee được không,
42,tktt_dichvudikem,có dùng tài khoản trực tuyến với epay được không,
27,tktt_khuyenmai,Khuyến mãi của tài khoản trực tuyến?,
28,tktt_khuyenmai,Tài khoản trực tuyến có khuyến mãi gì không?,
29,tktt_khuyenmai,có chương trình khuyến mãi nào,
30,tktt_khuyenmai,tôi đăng ký tài khoản thì được khuyến mãi gì không,
31,tktt_khuyenmai,có khuyến mãi gì không,
32,tktt_khuyenmai,có sự ưu đãi gì,
33,tktt_khuyenmai,ưu đãi,
34,tktt_khuyenmai,có ưu đãi gì không,
35,tktt_khuyenmai,cho tôi biết về chương trình khuyến mãi tháng này,
36,tktt_khuyenmai,bên bạn có khuyến mãi trong tháng này không,
37,tktt_khuyenmai,"""tôi thấy mở thẻ các ngân hàng khác được quà, ở đây có được nhận quà không nhỉ?",
38,tktt_khuyenmai,mở thẻ được quà gì không,
39,tktt_khuyenmai,quà tặng gì,
40,tktt_khuyenmai,có khuyến mãi gì,
41,tktt_khuyenmai,Ưu đãi khi mở TKTT là gì,
42,tktt_khuyenmai,tktt có khuyến mãi gì,
28,tktt_noibat,Đặc điểm của tài khoản trực tuyến là gì?,
29,tktt_noibat,Tài khoản trực tuyến có gì hay?,
30,tktt_noibat,Tài khoản trực tuyến có tính năng gì nổi bật?,
31,tktt_noibat,Tài khoản trực tuyến có loại giao dịch gì?,
32,tktt_noibat,đặc điểm nổi bật là gì,
33,tktt_noibat,có những loại giao dịch gì,
34,tktt_noibat,tính năng nổi bật của tài khoản trực tuyến là gì,
35,tktt_noibat,nổi bật,
36,tktt_noibat,ưu việt,
37,tktt_noibat,đáng chú ý,
38,tktt_noibat,đáng quan tâm,
39,tktt_noibat,lợi thế,
40,tktt_noibat,có những điểm lợi thế gì,
41,tktt_noibat,có những điểm đáng chú ý gì,
42,tktt_noibat,có đặc điểm gì đáng chú ý,
43,tktt_noibat,tài khoản trực tuyến có tác dụng gì,
44,tktt_noibat,tài khoản trực tuyến có lợi ích gì,
45,tktt_noibat,tác dụng,
46,tktt_noibat,lợi ích,
47,tktt_noibat,Giao dịch nào có thể thực hiện với tài khoản trực tuyến,
48,tktt_noibat,loại giao dịch,
49,tktt_noibat,tài khoản trực tuyến có thể thực hiện các giao dịch gì nhỉ,
50,tktt_noibat,tài khoản trực tuyến có thể dùng vào mục đích gì,
51,tktt_noibat,tài khoản trực tuyến có thể dùng làm gì,
52,tktt_noibat,dùng tài khoản trực tuyến để làm gì nhỉ,
53,tktt_noibat,tài khoản trực tuyến có thể dùng vào việc gì,
54,tktt_noibat,tại sao tôi nên dùng tài khoản trực tuyến,
55,tktt_noibat,tài khoản trực tuyến khác tài khoản thường ở điểm nào,
56,tktt_noibat,tôi có thể thanh toán hóa đơn với tài khoản trực tuyến không,
57,tktt_noibat,tôi có thể gửi tiền với tài khoản trực tuyến không,
58,tktt_noibat,chuyển khoản dùng tài khoản trực tuyến được không,
59,tktt_noibat,tài khoản trực tuyến thì có gì hay ho nhỉ,
60,tktt_noibat,em có thể nói cho anh biết tài khoản trực tuyến so với tài khoản thường thì hơn gì không,
61,tktt_noibat,"mình chưa thấy tài khoản trực tuyến có gì khác, nói cho mình xem nào",
62,tktt_noibat,tài khoản trực tuyến có thể dùng để mua sắm online không,
63,tktt_noibat,tài khoản trực tuyến có yêu cầu số dư tối thiểu là bao nhiêu không,
64,tktt_noibat,số dư tối thiểu là bao nhiêu nhỉ,
65,tktt_noibat,tài khoản trực tuyến có mất phí quản lý không,
66,tktt_noibat,phí quản lý tài khoản là bao nhiêu,
67,tktt_noibat,phí chuyển tiền là bao nhiêu,
68,tktt_noibat,có mất phí chuyển tiền với tài khoản trực tuyến không,
69,tktt_noibat,mất phí không,
70,tktt_noibat,miễn phí không,
71,tktt_noibat,tôi có phải mất phí duy trì tài khoản khi tạo tài khoản không?,
72,tktt_noibat,Mở tài khoản trực tuyến có phải duy trì tài khoản tối thiếu không?,
73,tktt_noibat,Thời gian mở tài khoản trực tuyến mất bao lâu,
74,tktt_noibat,đặc điểm nổi bật,
75,tktt_noibat,điểm gì nổi bật,
76,tktt_noibat,đặc điểm,
77,tktt_noibat,đặc điểm nổi bật của tài khoản trực tuyến,
78,tktt_noibat,tktt có đặc điểm gì nổi bật,
79,tktt_noibat,điểm nổi bật của tktt,
80,tktt_noibat,phí chuyển tiền,
81,tktt_noibat,phí,
29,tktt_hanmuc,Hạn mức của tài khoản trực tuyến là bao nhiêu?,
30,tktt_hanmuc,mở thẻ thì tôi được chuyển khoản bao nhiêu,
31,tktt_hanmuc,trong một ngày tôi được chuyển tối đa bao nhiêu,
32,tktt_hanmuc,hạn mức giao dịch,
33,tktt_hanmuc,hạn mức giao dịch là bao nhiêu,
34,tktt_hanmuc,mức tối đa được chuyển trong ngày là bao nhiêu,
35,tktt_hanmuc,mức tối thiểu được chuyển khoản là bao nhiêu,
36,tktt_hanmuc,Tổng hạn mức giao dịch Thanh toán hóa đơn trong ngày là như thế nào,
37,tktt_hanmuc,Chuyển khoản trong ngân hàng tối đa được bao nhiêu,
38,tktt_hanmuc,Chuyển khoản ngoài hệ thống được bao nhiêu,
39,tktt_hanmuc,Có giới hạn chuyển khoản không,
40,tktt_hanmuc,Gửi tiền có kỳ hạn cho chính chủ Tài khoản,
41,tktt_hanmuc,có giới hạn không,
42,tktt_hanmuc,Giới hạn Nộp tiền mặt,
43,tktt_hanmuc,tối thiểu tôi được chuyển khoản là bao nhiêu,
44,tktt_hanmuc,tôi đa được chuyển khoản,
45,tktt_hanmuc,hạn mức tài khoản trực tuyến,
46,tktt_hanmuc,số tiền tối đa tôi có thể chuyển khoản là bao nhiêu,
47,tktt_hanmuc,bao nhiêu,
48,tktt_hanmuc,TKTT được chuyển bao nhiêu tiền một lần?,
49,tktt_hanmuc,Số tiền giao dịch tối thiếu của TKTT là bao nhiêu?,
50,tktt_hanmuc,TKTT được chuyển bao nhiêu tiền một lần,
30,tktt_doi_tuong_use,Mình có thuộc đối tượng mở tài khoản trực tuyến không?,
31,tktt_doi_tuong_use,Tài khoản trực tuyến dành cho ai?,
32,tktt_doi_tuong_use,Ai là người có thể mở tài khoản trực tuyến?,
33,tktt_doi_tuong_use,ai nên dùng tài khoản trực tuyến,
34,tktt_doi_tuong_use,ai nên dùng tktt,
35,tktt_doi_tuong_use,ai nên dùng,
36,tktt_doi_tuong_use,ai thì phải dùng,
37,tktt_doi_tuong_use,ai bắt buộc phải dùng,
38,tktt_doi_tuong_use,ai dùng thì hợp lý nhất,
39,tktt_doi_tuong_use,ai dùng tktt thì hợp lý nhất,
40,tktt_doi_tuong_use,tài khoản trực tuyến thì phù hợp với người nào,
41,tktt_doi_tuong_use,phù hợp với ai,
42,tktt_doi_tuong_use,phù hợp với đối tượng nào,
43,tktt_doi_tuong_use,đối tượng phù hợp,
44,tktt_doi_tuong_use,ai được mở tài khoản trực tuyến,
45,tktt_doi_tuong_use,tôi có mở tài khoản trực tuyến được không,
46,tktt_doi_tuong_use,đối tượng,
47,tktt_doi_tuong_use,ai được mở,
48,tktt_doi_tuong_use,thuộc đối tượng,
49,tktt_doi_tuong_use,ai được mở tài khoản,
50,tktt_doi_tuong_use,đối tượng nào được mở tài khoản trực tuyến,
51,tktt_doi_tuong_use,cho tôi biết đối tượng được mở,
52,tktt_doi_tuong_use,cho tôi thông tin đối tượng đc mở tài khoản,
53,tktt_doi_tuong_use,những ai có thể mở tài khoản trực tuyến,
54,tktt_doi_tuong_use,những người nào có thể mở tài khoản trực tuyến,
55,tktt_doi_tuong_use,Như nào thì đủ điều kiện mở tài khoản,
56,tktt_doi_tuong_use,đối tượng nào,
57,tktt_doi_tuong_use,đối tượng mở tài khoản trực tuyến,
58,tktt_doi_tuong_use,tôi đang dùng ngân hàng acb thì có mở tài khoản trực tuyến được không,
59,tktt_doi_tuong_use,tôi đã có thẻ acb thì có mở tài khoản được không,
60,tktt_doi_tuong_use,đối tượng nào được sử dụng tktt,
31,tktt_gioi_thieu,Bạn có thể giới thiệu cho mình về tài khoản trực tuyến không?,
32,tktt_gioi_thieu,Tài khoản trực tuyến là gì vậy?,
33,tktt_gioi_thieu,giải thích cho tôi tài khoản trực tuyến là gì,
34,tktt_gioi_thieu,tài khoản trực tuyến,
35,tktt_gioi_thieu,tài khoản trực tuyến là gì,
36,tktt_gioi_thieu,các thông tin về tài khaorn trực tuyến,
37,tktt_gioi_thieu,tôi tìm hiểu thông tin về tài khoản trực tuyến,
38,tktt_gioi_thieu,chi tiết thông tin về tài khoản trực tuyến,
39,tktt_gioi_thieu,thế nào là tài khoản trực tuyến,
40,tktt_gioi_thieu,tktt,
41,tktt_gioi_thieu,tài khoản online là gì,
42,tktt_gioi_thieu,tài khoản online,
43,tktt_gioi_thieu,acc trực truyến,
44,tktt_gioi_thieu,acc online,
45,tktt_gioi_thieu,account online,
46,tktt_gioi_thieu,what is account online,
47,tktt_gioi_thieu,tài khoản trực tuyến là như nào nhỉ,
48,tktt_gioi_thieu,tài khoản trực tuyến là gì bạn nhỉ,
49,tktt_gioi_thieu,tài khoản trực tuyến là thế nào nhỉ,
50,tktt_gioi_thieu,có thể giới thiệu sơ qua cho mình về tài khoản trực tuyến được không,
51,tktt_gioi_thieu,"mình có nghe nói đến tài khoản trực tuyến mà không biết là gì,",
52,tktt_gioi_thieu,giới thiệu giúp mình về tài khoản trực tuyến,
53,tktt_gioi_thieu,Tài khoản trực tuyến?,
54,tktt_gioi_thieu,Tài khoản trực tuyến là gì?,
55,tktt_gioi_thieu,Tài khoản eKYC là gì?,
56,tktt_gioi_thieu,Tài khoản định danh điện tử?,
57,tktt_gioi_thieu,tktt là gì,
32,diadiem_pgd,"Hiện tại e đang ở quận 12, muốn tìm điểm giao dịch",
33,diadiem_pgd,điểm giao dịch ở Gia Lâm,
34,diadiem_pgd,ở khu vực Long Biên có những điểm giao dịch nào của  thế,
35,diadiem_pgd,địa chỉ cửa hàng  ở Vũng Tàu,
36,diadiem_pgd,"tôi đang ở Huỳnh Thúc Kháng, tôi cần tìm điểm giao dịch",
37,diadiem_pgd,cửa hàng giao dịch ở quận 1,
38,diadiem_pgd,quầy giao dịch tại Ninh Bình,
39,diadiem_pgd,có điểm giao dịch gần Phạm Hùng không?,
40,diadiem_pgd,tra cứu điểm giao dịch ,
41,diadiem_pgd,Điểm giao dịch Thanh Trì,
42,diadiem_pgd,phòng giao dịch tại đâu ở Hà Đông,
43,diadiem_pgd,Địa điểm giao dichch,
44,diadiem_pgd,ở thành phố Bắc Ninh  có những chi nhánh ở đâu vậy ạ?,
45,diadiem_pgd,địa điểm giao dịch,
46,diadiem_pgd,có địa điểm phòng giao dịch nào gần đây,
47,diadiem_pgd,cho hỏi phòng giao dịch ở Quận 10,
48,diadiem_pgd,cửa hàng giao dịch ở Phú Quốc,
49,diadiem_pgd,cơ sở  ở Cẩm Phả nằm ở đâu?,
50,diadiem_pgd,Cho mình hỏi ở Thuận An có cửa hàng  nào không,
51,diadiem_pgd,quầy giao dịch ,
52,diadiem_pgd,Cho em hỏi địa chỉ điểm giao dịch ở Huế,
53,diadiem_pgd,Điểm giao dịch ở thành phố Hà Tĩnh thì ở đâu ạ,
54,diadiem_pgd,địa điểm cửa hàng  ở Đà Nẵng,
55,diadiem_pgd,tôi muốn tìm điểm giao dịch  nào gần đây,
56,diadiem_pgd,Cung cấp cho tôi địa chỉ  tại khu vực Trương Định,
57,diadiem_pgd,"cửa hàng  gần nhất ở quận Đống Đa, Hà Nội",
58,diadiem_pgd,Tìm điểm giao dịch ở quận 4,
59,diadiem_pgd,mình muốn tìm chi nhánh cửa hàng  tại Quận 7 tp HCM,
60,diadiem_pgd,Địa chỉ phòng giao dịch,
61,diadiem_pgd,Địa điểm phòng giao dịch ở đâu ạ?,
62,diadiem_pgd,có quầy giao dịch nào gần đây không,
63,diadiem_pgd,Điểm giao dịch ở quận Đống Đa,
64,diadiem_pgd,Phường Phạm Ngũ Lão có điểm nào không em?,
65,diadiem_pgd,điểm giao dịch,
66,diadiem_pgd,tìm chi nhánh gần Đinh Lễ hà nội,
67,diadiem_pgd,tìm phòng giao dịch gần Đinh Lễ Hà Nội,
68,diadiem_pgd,tìm chi nhánh ACB,
69,diadiem_pgd,"chi nhánh ACB gần Giải Phóng, Hà Nội",
70,diadiem_pgd,Tôi muốn tìm chi nhánh ACB khu vực Hoàng Mai Hà Nội,
71,diadiem_pgd,tìm chi nhánh,
72,diadiem_pgd,phòng giao dịch,
73,diadiem_pgd,phòng giao dịch ACB,
33,fallback,Bắc Ninh,
34,fallback,Bắc Kạn,
35,fallback,Phú Yên,
36,fallback,Quảng Nam,
37,fallback,Hậu Giang,
38,fallback,Lào Cai,
39,fallback,Bắc Giang,
40,fallback,Đắk Lắk,
41,fallback,Điện Biên,
42,fallback,Đồng Tháp,
43,fallback,Lâm Đồng,
44,fallback,Sơn La,
45,fallback,Long An,
46,fallback,Quảng Trị,
47,fallback,Vĩnh Phúc,
48,fallback,Bình Phước,
49,fallback,Nam Định,
50,fallback,Bình Dương,
51,fallback,Lạng Sơn,
52,fallback,Kiên Giang,
53,fallback,Hải Phòng,
54,fallback,Quảng Bình,
55,fallback,Bình Định,
56,fallback,Trà Vinh,
57,fallback,Hà Nam,
58,fallback,Thái Nguyên,
59,fallback,Ninh Bình,
60,fallback,Cà Mau,
61,fallback,Cao Bằng,
62,fallback,Tiền Giang,
63,fallback,Đà Nẵng,
64,fallback,Quảng Ninh,
65,fallback,Hà Nội,
66,fallback,Bạc Liêu,
67,fallback,TP HCM,
68,fallback,Thừa Thiên Huế,
69,fallback,Đắk Nông,
70,fallback,Sóc Trăng,
71,fallback,Hải Dương,
72,fallback,Tây Ninh,
73,fallback,Cần Thơ,
74,fallback,Yên Bái,
75,fallback,An Giang,
76,fallback,Bến Tre,
77,fallback,Ninh Thuận,
78,fallback,Tuyên Quang,
79,fallback,Khánh Hòa,
80,fallback,Vĩnh Long,
81,fallback,Phú Thọ,
82,fallback,Nghệ An,
83,fallback,Hưng Yên,
84,fallback,Bình Thuận,
85,fallback,Thái Bình,
86,fallback,Lai Châu,
87,fallback,Kon Tum,
88,fallback,Thanh Hóa,
89,fallback,Bà Rịa Vũng Tàu,
90,fallback,Gia Lai,
91,fallback,Đồng Nai,
92,fallback,hòa bình,
93,fallback,Hà Tĩnh,
94,fallback,Quảng Ngãi,
95,fallback,Hà Giang,
96,fallback,Hồ Chí Minh,
97,fallback,Tôi muốn vay tín chấp,
98,fallback,abcde,
99,fallback,game trực tuyến,
100,fallback,fđfjdj,
101,fallback,0u0rrrr,
102,fallback,eqrer,
103,fallback,fadfadfasdf,
104,fallback,313241324,
105,fallback,klcvzcvz,
34,cam_on,Cảm ơn,
35,cam_on,cám ơn bạn,
36,cam_on,thanks,
37,cam_on,thank you,
38,cam_on,cảm ơn nhiều,
39,cam_on,chân thành cảm ơn,
40,cam_on,cảm ơn nhiều nhé,
41,cam_on,em cảm ơn chị,
42,cam_on,cảm ơn chị,
43,cam_on,cảm ơn bot,
44,cam_on,cảm ơn em,
45,cam_on,cảm ơn em nhé,
46,cam_on,cảm ơn bot nha,
47,cam_on,Oke để chốc mình thử xem thế nào,
48,cam_on,hết ạ,
49,cam_on,cám ơn,
50,cam_on,Ok thanks em,
51,cam_on,"À, vâng cám ơn",
52,cam_on,"vâng, mình cám ơn. Chúc bạn 1 ngày tốt lành :D",
53,cam_on,Oki bạn,
54,cam_on,thanks bạn,
55,cam_on,mình cảm ơn,
56,cam_on,thanks you very much,
57,cam_on,cảm ơn bạn nhiều.,
58,cam_on,cảm ơn ad,
59,cam_on,Cảm ơn bạn nha,
60,cam_on,Dạ cảm ơn cô rất nhiều.. Tôi đã hỏi xong,
61,cam_on,Ukm.cảm ơn nhá,
62,cam_on,Cảm ơn bạn,
63,cam_on,Bye chị,
64,cam_on,em cảm ơn Anh/Chi,
65,cam_on,E cảm ơn anh chị nhiều,
66,cam_on,mình cảm ơn ạ,
67,cam_on,OH. Cảm ơn bạn nhé !,
68,cam_on,ổn rồi nha cám ơn nhiều,
69,cam_on,thanks ad,
70,cam_on,cảm ơn bạn đã hỗ trợ,
71,cam_on,tạm biệt ad,
72,cam_on,goodbye,
73,cam_on,See you later,
74,cam_on,thank bot,
75,cam_on,Cảm ơn nhiều nhiều,
76,cam_on,Cảm ơn ạ,
77,cam_on,tạm biệt,
78,cam_on,tạm biệt em,
79,cam_on,hẹn gặp lại,
80,cam_on,cam on,
81,cam_on,bye,
82,cam_on,bye nhé,
83,cam_on,tks,
84,cam_on,cảm ơn nhiều lắm nè,
85,cam_on,bye bye,
86,cam_on,bai,
87,cam_on,g9,
88,cam_on,good night,
89,cam_on,bái bai,
90,cam_on,bai bai,
91,cam_on,cảm ơn iSee,
92,cam_on,Anh cảm ơn nhé,
93,cam_on,Chị cảm ơn nhé,
94,cam_on,ok cảm ơn,
95,cam_on,ok cảm ơn em,
96,cam_on,không còn gì nữa,
97,cam_on,"không, hết rồi",
98,cam_on,không,
35,xin_chao,chào,
36,xin_chao,chào buổi sáng,
37,xin_chao,chào bạn,
38,xin_chao,xin chào,
39,xin_chao,hi,
40,xin_chao,hello,
41,xin_chao,alo,
42,xin_chao,hi you,
43,xin_chao,bot ơi,
44,xin_chao,bot yêu ơi,
45,xin_chao,2,
46,xin_chao,2 em,
47,xin_chao,Get started,
48,xin_chao,start,
49,xin_chao,bắt đầu,
50,xin_chao,hello em,
51,xin_chao,hi ai see,
52,xin_chao,hello ai see,
53,xin_chao,hi isse,
54,xin_chao,chào buổi chiều,
55,xin_chao,xin chào isee,
56,xin_chao,xin chào ai see,
57,xin_chao,Chào em,
58,xin_chao,Anh chào em,
59,xin_chao,Chị chào em,
60,xin_chao,chào ai si,
61,xin_chao,2 ai si,
62,xin_chao,em ơi,
63,xin_chao,help,
64,xin_chao,xin chào bạn,
65,xin_chao,xin chào bot,
